0,-0.03944,0,0
0.017,-0.05916,-0.0008381,-7.1239e-06
0.033,-0,-0.0013114,-2.432e-05
0.05,0.00986,-0.0012276,-4.5901e-05
0.069,-0.03944,-0.0015086,-7.1894e-05
0.087,-0.01972,-0.002041,-0.00010384
0.102,-0.02958,-0.0024108,-0.00013723
0.118,-0.05916,-0.0031207,-0.00018148
0.134,0.01972,-0.0034362,-0.00023394
0.168,0.02958,-0.0025981,-0.00033652
0.186,-0.02958,-0.0025981,-0.00038329
0.204,-0.03944,-0.0032193,-0.00043564
0.221,-0.0493,-0.0039736,-0.00049678
0.239,0.00986,-0.0043285,-0.0005715
0.257,0.00986,-0.0041511,-0.00064782
0.274,0.01972,-0.0038996,-0.00071625
0.293,-0.00986,-0.003806,-0.00078945
0.31,-0.0493,-0.0043088,-0.00085843
0.326,-0.01972,-0.004861,-0.00093178
0.344,-0.01972,-0.0052159,-0.0010225
0.361,-0,-0.0053836,-0.0011126
0.363,-0.03944,-0.005423,-0.0011234
0.38,-0.0493,-0.0061773,-0.001222
0.397,-0.05916,-0.0070992,-0.0013348
0.416,-0.03944,-0.0080359,-0.0014786
0.434,-0.00986,-0.0084796,-0.0016273
0.467,-0,-0.0086423,-0.0019098
0.484,-0.05916,-0.0091451,-0.002061
0.502,-0.06902,-0.010299,-0.002236
0.52,0.01972,-0.010742,-0.0024253
0.535,0.01972,-0.010447,-0.0025842
0.551,-0.00986,-0.010368,-0.0027508
0.568,-0.00986,-0.010535,-0.0029284
0.586,-0.0493,-0.011068,-0.0031229
0.604,-0.07888,-0.012221,-0.0033325
0.619,0.01972,-0.012665,-0.0035191
0.635,0.01972,-0.01235,-0.0037192
0.651,0.02958,-0.011955,-0.0039137
0.685,-0.02958,-0.011955,-0.0043202
0.702,-0.02958,-0.012458,-0.0045277
0.72,-0.02958,-0.012991,-0.0047567
0.735,-0,-0.013212,-0.0049532
0.751,-0.02958,-0.013449,-0.0051665
0.768,0.01972,-0.013533,-0.0053959
0.783,-0.00986,-0.013459,-0.0055983
0.799,-0.00986,-0.013617,-0.0058149
0.816,-0.01972,-0.013868,-0.0060485
0.836,-0.00986,-0.014164,-0.0063289
0.854,-0,-0.014253,-0.0065846
0.869,0,-0.014253,-0.0067984
0.885,-0.01972,-0.01441,-0.0070277
0.902,-0.0493,-0.014997,-0.0072777
0.918,0.02958,-0.015155,-0.0075189
0.934,0.01972,-0.01476,-0.0077582
0.949,-0.0493,-0.014982,-0.0079813
0.984,-0.05916,-0.01688,-0.0085389
1.002,-0.02958,-0.017679,-0.0088499
1.018,0.00986,-0.017837,-0.009134
1.034,-0.00986,-0.017837,-0.0094194
1.05,-0.00986,-0.017994,-0.0097061
1.068,-0.0493,-0.018527,-0.010035
1.086,-0.05916,-0.019503,-0.010377
1.102,-0.01972,-0.020134,-0.010694
1.117,-0.01972,-0.02043,-0.010998
1.133,0.00986,-0.020509,-0.011326
1.15,0.00986,-0.020341,-0.011673
1.166,-0.00986,-0.020341,-0.011999
1.184,-0.03944,-0.020785,-0.012369
1.217,-0.0493,-0.022249,-0.013079
1.234,-0.00986,-0.022752,-0.013461
1.252,-0.02958,-0.023107,-0.013874
1.27,-0.01972,-0.023551,-0.014294
1.285,-0.00986,-0.023772,-0.014649
1.301,-0.01972,-0.024009,-0.015031
1.316,0.02958,-0.023935,-0.015391
1.334,0.01972,-0.023491,-0.015817
1.352,-0.00986,-0.023403,-0.01624
1.369,-0.01972,-0.023654,-0.01664
1.385,-0.02958,-0.024049,-0.017021
1.4,-0.00986,-0.024344,-0.017384
1.432,-0.00986,-0.02466,-0.018168
1.449,-0.06902,-0.02533,-0.018593
1.467,-0.0986,-0.026839,-0.019063
1.485,-0.0493,-0.02817,-0.019558
1.503,-0.02958,-0.02888,-0.020071
1.519,-0.03944,-0.029432,-0.020538
1.534,-0.05916,-0.030172,-0.020985
1.551,0.00986,-0.030591,-0.021501
1.566,0,-0.030517,-0.021959
1.584,0.08874,-0.029718,-0.022502
1.602,0.06902,-0.028298,-0.023024
1.619,0.08874,-0.026957,-0.023493
1.637,-0.03944,-0.026514,-0.023975
1.652,-0.06902,-0.027327,-0.024378
1.685,-0.08874,-0.02993,-0.025323
1.7,-0,-0.030596,-0.025777
1.718,-0.01972,-0.030773,-0.026329
1.735,-0.00986,-0.031024,-0.026855
1.753,-0.0493,-0.031557,-0.027418
1.769,-0.02958,-0.032188,-0.027928
1.784,0.01972,-0.032262,-0.028411
1.802,0.07888,-0.031375,-0.028984
1.819,0.05916,-0.030201,-0.029507
1.837,0.0493,-0.029225,-0.030042
1.853,0.00986,-0.028752,-0.030506
1.868,-0.0493,-0.029048,-0.03094
1.885,-0.07888,-0.030137,-0.031443
1.9,-0.0493,-0.031098,-0.031902
1.916,-0.02958,-0.031729,-0.032404
1.934,-0.02958,-0.032262,-0.03298
1.951,0.02958,-0.032262,-0.033529
1.986,-0.00986,-0.031917,-0.034652
2.004,0,-0.032006,-0.035227
2.02,0.03944,-0.03169,-0.035737
2.037,0.01972,-0.031187,-0.036271
2.055,0.05916,-0.030477,-0.036826
2.07,0.02958,-0.029812,-0.037278
2.088,-0.00986,-0.029634,-0.037813
2.106,-0.02958,-0.029989,-0.03835
2.123,0,-0.030241,-0.038862
2.141,-0.02958,-0.030507,-0.039409
2.158,-0,-0.030758,-0.03993
2.176,-0.01972,-0.030936,-0.040485
2.192,0.01972,-0.030936,-0.04098
2.209,0.00986,-0.030684,-0.041503
2.227,0.02958,-0.030329,-0.042053
2.244,0.03944,-0.029743,-0.042563
2.264,0,-0.029348,-0.043154
2.282,0.00986,-0.02926,-0.043682
2.299,0.00986,-0.029092,-0.044178
2.318,0.02958,-0.028717,-0.044727
2.335,0.00986,-0.028382,-0.045212
2.357,-0.0493,-0.028816,-0.045841
2.375,-0.08874,-0.030058,-0.046371
2.392,-0.07888,-0.031483,-0.046894
2.411,0,-0.032232,-0.0475
2.428,-0.01972,-0.0324,-0.048049
2.444,0,-0.032558,-0.048569
2.462,-0.02958,-0.032824,-0.049157
2.48,0.00986,-0.033001,-0.049749
2.498,0.0493,-0.032469,-0.050339
2.515,0.06902,-0.031463,-0.050882
2.533,0.0493,-0.030398,-0.051439
2.551,-0.00986,-0.030043,-0.051983
2.568,-0.01972,-0.030295,-0.052496
2.587,-0.10846,-0.031513,-0.053083
2.635,-0.03944,-0.035062,-0.054681
2.65,-0.05916,-0.035802,-0.055212
2.678,-0.03944,-0.037182,-0.056234
2.695,0,-0.037517,-0.056869
2.713,0.00986,-0.037429,-0.057543
2.731,0.06902,-0.036719,-0.058211
2.748,0.05916,-0.035629,-0.058826
2.766,0.02958,-0.03483,-0.05946
2.783,0.01972,-0.034411,-0.060048
2.801,-0.05916,-0.034766,-0.060671
2.817,-0.01972,-0.035397,-0.061232
2.832,-0,-0.035545,-0.061764
2.849,-0.01972,-0.035713,-0.06237
2.864,-0.05916,-0.036305,-0.06291
2.882,-0.0493,-0.037281,-0.063572
2.9,-0.02958,-0.037991,-0.06425
2.917,0.0493,-0.037823,-0.064894
2.933,0.02958,-0.037192,-0.065494
2.948,0.05916,-0.036526,-0.066047
2.964,-0,-0.036053,-0.066628
2.982,-0.01972,-0.036231,-0.067278
2.999,0.00986,-0.036314,-0.067895
3.017,0.01972,-0.036048,-0.068546
3.034,0,-0.035881,-0.069158
3.05,-0.02958,-0.036117,-0.069734
3.066,-0.0493,-0.036748,-0.070317
3.081,-0.02958,-0.03734,-0.070872
3.099,0.03944,-0.037251,-0.071544
3.116,0.0493,-0.036497,-0.072171
3.134,0.0493,-0.035609,-0.072819
3.152,-0,-0.035166,-0.073456
3.167,-0.00986,-0.03524,-0.073985
3.183,0,-0.035319,-0.074549
3.199,0.01972,-0.035161,-0.075113
3.215,0.01972,-0.034845,-0.075673
3.233,-0,-0.034668,-0.076298
3.25,-0.03944,-0.035003,-0.076891
3.268,-0.00986,-0.035447,-0.077525
3.283,0.03944,-0.035225,-0.078055
3.299,0.01972,-0.034752,-0.078615
3.317,0.02958,-0.034308,-0.079236
3.334,0,-0.034056,-0.079817
3.352,-0.00986,-0.034145,-0.080431
3.367,0,-0.034219,-0.080944
3.383,0.02958,-0.033982,-0.081489
3.4,0.03944,-0.033396,-0.082062
3.415,0.02958,-0.032878,-0.082559
3.433,-0.03944,-0.032967,-0.083152
3.45,-0.02958,-0.033554,-0.083717
3.466,-0.0493,-0.034185,-0.084259
3.483,0.00986,-0.03452,-0.084843
3.516,-0.00986,-0.03452,-0.085982
3.533,-0.01972,-0.034771,-0.086571
3.551,-0.01972,-0.035126,-0.0872
3.567,0.00986,-0.035205,-0.087763
3.582,0.00986,-0.035057,-0.08829
3.6,0.07888,-0.034259,-0.088914
3.617,0.01972,-0.03342,-0.089489
3.635,0.01972,-0.033066,-0.090087
3.651,-0.03944,-0.033223,-0.090618
3.666,-0.05916,-0.033963,-0.091122
3.683,-0.03944,-0.034801,-0.091706
3.698,-0.01972,-0.035245,-0.092231
3.716,0,-0.035422,-0.092867
3.732,-0.02958,-0.035659,-0.093436
3.749,0.01972,-0.035742,-0.094043
3.767,0.02958,-0.035299,-0.094682
3.802,0.03944,-0.034091,-0.095897
3.818,0.0493,-0.033381,-0.096436
3.833,-0.03944,-0.033307,-0.096937
3.85,0,-0.033642,-0.097506
3.865,0.00986,-0.033568,-0.09801
3.883,-0.02958,-0.033746,-0.098616
3.901,-0.0493,-0.034456,-0.099229
3.918,-0.06902,-0.035461,-0.099824
3.934,-0.06902,-0.036566,-0.1004
3.949,-0.05916,-0.037527,-0.10096
3.966,0.00986,-0.037946,-0.1016
3.982,0.0493,-0.037473,-0.1022
3.999,0.05916,-0.036551,-0.10283
4.017,0.02958,-0.035752,-0.10348
4.034,-0.0493,-0.03592,-0.10409
4.05,-0.0493,-0.036709,-0.10467
4.066,0.03944,-0.036788,-0.10526
4.081,-0.01972,-0.03664,-0.10581
4.099,-0.01972,-0.036995,-0.10647
4.134,-0.07888,-0.03872,-0.1078
4.152,-0.0493,-0.039874,-0.1085
4.167,0,-0.040244,-0.10911
4.183,0.03944,-0.039928,-0.10975
4.199,0.03944,-0.039297,-0.11038
4.215,-0.03944,-0.039297,-0.11101
4.233,-0.03944,-0.040007,-0.11172
4.25,-0,-0.040342,-0.11241
4.268,0.02958,-0.040076,-0.11313
4.283,0.01972,-0.039706,-0.11373
4.299,-0.0493,-0.039943,-0.11437
4.332,-0.05916,-0.041732,-0.11571
4.35,-0.02958,-0.042531,-0.11647
4.367,-0.01972,-0.04295,-0.1172
4.385,-0,-0.043128,-0.11797
4.401,-0.00986,-0.043207,-0.11866
4.416,-0.01972,-0.043428,-0.11931
4.433,-0,-0.043596,-0.12005
4.448,0.00986,-0.043522,-0.12071
4.466,0.02958,-0.043167,-0.12149
4.482,0.03944,-0.042615,-0.12217
4.499,-0.01972,-0.042447,-0.1229
4.517,-0.01972,-0.042802,-0.12366
4.534,-0.02958,-0.043221,-0.12439
4.55,0.00986,-0.043379,-0.12509
4.566,0.00986,-0.043221,-0.12578
4.581,0.02958,-0.042926,-0.12643
4.63,-0.01972,-0.042684,-0.12852
4.646,-0.02958,-0.043078,-0.12921
4.671,-0,-0.043448,-0.13029
4.689,0.0493,-0.043004,-0.13107
4.706,0.0493,-0.042166,-0.13179
4.724,-0,-0.041723,-0.13255
4.742,0,-0.041723,-0.1333
4.757,-0.05916,-0.042166,-0.13393
4.775,-0,-0.042699,-0.13469
4.792,-0.00986,-0.042783,-0.13542
4.81,0.00986,-0.042783,-0.13619
4.828,-0.03944,-0.043049,-0.13696
4.843,-0.03944,-0.04364,-0.13761
4.859,-0.00986,-0.044035,-0.13831
4.875,0.00986,-0.044035,-0.13902
4.891,-0,-0.043956,-0.13972
4.909,0.00986,-0.043867,-0.14051
4.927,-0.05916,-0.044311,-0.14131
4.945,-0.01972,-0.045021,-0.14211
4.96,-0.01972,-0.045317,-0.14279
4.978,0.02958,-0.045228,-0.1436
4.994,-0,-0.044991,-0.14432
5.009,-0.02958,-0.045213,-0.145
5.026,-0.03944,-0.0458,-0.14577
5.041,-0.01972,-0.046243,-0.14646
5.059,-0,-0.046421,-0.1473
5.077,0.01972,-0.046243,-0.14813
5.094,-0.01972,-0.046243,-0.14892
5.11,-0.05916,-0.046874,-0.14966
5.125,-0,-0.047318,-0.15037
5.142,-0.01972,-0.047486,-0.15117
5.158,0.02958,-0.047407,-0.15193
5.175,0.02958,-0.046904,-0.15274
5.194,-0.01972,-0.04681,-0.15363
5.211,-0.02958,-0.047229,-0.15443
5.227,-0.06902,-0.048018,-0.15519
5.243,0.0493,-0.048176,-0.15596
5.259,0.01972,-0.047624,-0.15672
5.275,0.00986,-0.047387,-0.15748
5.292,-0.02958,-0.047555,-0.15829
5.31,-0.07888,-0.048531,-0.15916
5.328,0.01972,-0.049063,-0.16003
5.359,0.00986,-0.048605,-0.16155
5.376,-0.00986,-0.048605,-0.16237
5.392,-0.03944,-0.048999,-0.16315
5.409,-0.03944,-0.04967,-0.16399
5.424,-0.02958,-0.050187,-0.16474
5.442,-0.01972,-0.050631,-0.16565
5.46,-0.00986,-0.050897,-0.16656
5.478,-0.00986,-0.051075,-0.16748
5.494,0.00986,-0.051075,-0.1683
5.509,-0.01972,-0.051149,-0.16906
5.527,0.01972,-0.051149,-0.16999
5.544,0.02958,-0.05073,-0.17085
5.56,0.01972,-0.050335,-0.17166
5.576,-0,-0.050178,-0.17246
5.608,-0.05916,-0.051124,-0.17408
5.625,-0.02958,-0.051878,-0.17496
5.643,-0.01972,-0.052322,-0.1759
5.661,0.0493,-0.052056,-0.17684
5.678,-0.01972,-0.051804,-0.17772
5.694,0.00986,-0.051883,-0.17855
5.709,-0.00986,-0.051883,-0.17933
5.726,-0.01972,-0.052135,-0.18021
5.742,0.03944,-0.051977,-0.18105
5.759,-0.01972,-0.051809,-0.18193
5.777,-0.00986,-0.052076,-0.18286
5.794,-0,-0.052159,-0.18375
5.81,-0.01972,-0.052317,-0.18458
5.826,0.05916,-0.052002,-0.18542
5.843,-0.01972,-0.051666,-0.1863
5.861,-0,-0.051844,-0.18723
5.876,-0.06902,-0.052362,-0.18801
5.908,-0.02958,-0.053939,-0.18971
5.925,-0.03944,-0.054526,-0.19064
5.943,0.00986,-0.054792,-0.19162
5.96,0.05916,-0.054205,-0.19255
5.978,-0.00986,-0.053762,-0.19352
5.994,-0.02958,-0.054077,-0.19438
6.009,-0.02958,-0.054521,-0.1952
6.026,-0.01972,-0.05494,-0.19613
6.041,0.0493,-0.054718,-0.19695
6.059,-0.02958,-0.054541,-0.19793
6.077,-0.01972,-0.054984,-0.19892
6.094,-0.01972,-0.05532,-0.19985
6.11,-0.03944,-0.055793,-0.20074
6.142,0.0493,-0.055635,-0.20253
6.158,0.02958,-0.055004,-0.20341
6.174,-0.01972,-0.054925,-0.20429
6.19,-0.0493,-0.055477,-0.20517
6.207,0.01972,-0.055729,-0.20612
6.225,0.01972,-0.055374,-0.20712
6.243,0.03944,-0.054841,-0.20811
6.26,-0.02958,-0.054758,-0.20904
6.278,-0.02958,-0.05529,-0.21003
6.293,-0.05916,-0.055955,-0.21087
6.309,-0.03944,-0.056744,-0.21177
6.326,0.02958,-0.056828,-0.21273
6.341,0.02958,-0.056384,-0.21358
6.359,-0.0493,-0.056562,-0.2146
6.376,-0.02958,-0.057232,-0.21557
6.412,-0.00986,-0.057942,-0.21764
6.427,0.00986,-0.057942,-0.21851
6.443,0.02958,-0.057627,-0.21943
6.459,0.01972,-0.057232,-0.22035
6.475,-0.00986,-0.057153,-0.22127
6.493,-0.00986,-0.057331,-0.2223
6.51,-0.03944,-0.05775,-0.22328
6.528,-0.01972,-0.058282,-0.22432
6.543,0.01972,-0.058282,-0.2252
6.559,0.0493,-0.05773,-0.22612
6.576,-0.02958,-0.057563,-0.2271
6.623,-0.01972,-0.058721,-0.22984
6.639,-0,-0.058879,-0.23078
6.662,0.02958,-0.058539,-0.23213
6.679,-0.01972,-0.058455,-0.23312
6.697,-0.02958,-0.058899,-0.23418
6.714,0.02958,-0.058899,-0.23518
6.732,-0.02958,-0.058899,-0.23624
6.75,0.0493,-0.058721,-0.2373
6.767,0.02958,-0.058051,-0.23829
6.785,0.00986,-0.057696,-0.23933
6.8,0.00986,-0.057548,-0.2402
6.816,-0.03944,-0.057785,-0.24112
6.833,0.00986,-0.058036,-0.2421
6.848,0.03944,-0.057666,-0.24297
6.866,-0,-0.057311,-0.24401
6.883,-0.01972,-0.057479,-0.24498
6.901,-0.0493,-0.0581,-0.24602
6.919,-0,-0.058544,-0.24707
6.934,0.03944,-0.058248,-0.24795
6.95,-0.00986,-0.058011,-0.24888
6.966,0.00986,-0.058011,-0.24981
6.982,-0.0493,-0.058327,-0.25074
7,-0.03944,-0.059125,-0.25179
7.018,0.00986,-0.059392,-0.25286
7.036,0.03944,-0.058948,-0.25393
7.051,0.02958,-0.05843,-0.25481
7.069,-0.02958,-0.05843,-0.25586
7.087,-0.02958,-0.058963,-0.25691
7.104,0.03944,-0.058879,-0.25792
7.123,0.03944,-0.05813,-0.25903
7.14,-0.01972,-0.057962,-0.26001
7.158,0.00986,-0.058051,-0.26106
7.176,-0.02958,-0.058228,-0.2621
7.193,-0.00986,-0.058563,-0.2631
7.195,-0.00986,-0.058583,-0.26321
7.212,0.02958,-0.058416,-0.26421
7.229,-0,-0.058164,-0.2652
7.247,-0,-0.058164,-0.26625
7.282,-0.03944,-0.058854,-0.26829
7.3,-0.00986,-0.059298,-0.26936
7.317,0.02958,-0.05913,-0.27036
7.335,0.02958,-0.058598,-0.27142
7.351,0.00986,-0.058282,-0.27236
7.366,-0.03944,-0.058504,-0.27324
7.383,0.00986,-0.058756,-0.27423
7.398,0.00986,-0.058608,-0.27511
7.416,0.00986,-0.05843,-0.27617
7.434,-0.00986,-0.05843,-0.27722
7.451,-0.01972,-0.058682,-0.27821
7.467,-0.0493,-0.059234,-0.27916
7.482,0.01972,-0.059456,-0.28005
7.498,-0.00986,-0.059377,-0.281
7.516,0.03944,-0.059111,-0.28206
7.533,-0.01972,-0.058943,-0.28307
7.551,0.00986,-0.059032,-0.28413
7.568,-0.03944,-0.059283,-0.28513
7.584,0.02958,-0.059362,-0.28608
7.6,0.01972,-0.058968,-0.28703
7.616,0.01972,-0.058652,-0.28797
7.649,-0.00986,-0.05849,-0.2899
7.667,-0.02958,-0.058844,-0.29096
7.685,-0.00986,-0.059199,-0.29202
7.702,-0.03944,-0.059618,-0.29303
7.72,0.01972,-0.059796,-0.29411
7.737,0,-0.059628,-0.29512
7.755,-0.00986,-0.059717,-0.2962
7.773,-0.01972,-0.059983,-0.29727
7.79,0.0493,-0.059732,-0.29829
7.808,-0,-0.059288,-0.29936
7.826,0,-0.059288,-0.30043
7.845,-0.01972,-0.059476,-0.30156
7.863,-0.08874,-0.060452,-0.30264
7.88,-0.01972,-0.061374,-0.30367
7.898,0.01972,-0.061374,-0.30478
7.915,0,-0.061206,-0.30582
7.934,-0,-0.061206,-0.30698
7.952,-0.02958,-0.061472,-0.30809
7.967,-0.0493,-0.062064,-0.30901
7.983,0,-0.062458,-0.31001
7.999,0.01972,-0.0623,-0.31101
8.015,0,-0.062143,-0.312
8.033,-0.01972,-0.06232,-0.31312
8.051,-0.00986,-0.062586,-0.31425
8.068,-0.02958,-0.062922,-0.31531
8.083,-0.01972,-0.063291,-0.31626
8.116,0.01972,-0.063291,-0.31835
8.133,0.00986,-0.06304,-0.31942
8.152,-0.01972,-0.063134,-0.32062
8.169,-0.00986,-0.063385,-0.3217
8.187,0,-0.063474,-0.32284
8.205,0.01972,-0.063296,-0.32398
8.222,0,-0.063129,-0.32505
8.24,-0.01972,-0.063306,-0.32619
8.257,0.01972,-0.063306,-0.32727
8.276,-0.02958,-0.0634,-0.32847
8.278,0.02958,-0.0634,-0.3286
8.295,0.01972,-0.062981,-0.32967
8.33,0.00986,-0.062463,-0.33187
8.347,-0.02958,-0.062631,-0.33293
8.365,-0.00986,-0.062986,-0.33406
8.381,-0.00986,-0.063143,-0.33507
8.398,0.02958,-0.062976,-0.33614
8.416,0.01972,-0.062532,-0.33727
8.431,0.02958,-0.062162,-0.33821
8.449,0.01972,-0.061719,-0.33932
8.467,-0,-0.061541,-0.34043
8.484,-0.01972,-0.061709,-0.34148
8.502,0.03944,-0.061531,-0.34259
8.517,0.0493,-0.060866,-0.34351
8.533,-0,-0.060471,-0.34448
8.551,-0.01972,-0.060649,-0.34557
8.568,-0.03944,-0.061152,-0.3466
8.584,0.02958,-0.061231,-0.34758
8.632,0.01972,-0.060047,-0.35049
8.647,-0,-0.059899,-0.35139
8.666,-0.02958,-0.060181,-0.35253
8.683,-0.0493,-0.060851,-0.35356
8.701,-0.01972,-0.061472,-0.35466
8.719,-0.00986,-0.061738,-0.35577
8.737,0.01972,-0.06165,-0.35688
8.755,-0.00986,-0.061561,-0.35799
8.77,-0.01972,-0.061783,-0.35892
8.786,0.01972,-0.061783,-0.3599
8.802,0.00986,-0.061546,-0.36089
8.819,0.03944,-0.061127,-0.36193
8.837,0.00986,-0.060683,-0.36303
8.854,0,-0.0606,-0.36406
8.872,-0.06902,-0.061221,-0.36516
8.888,0,-0.061773,-0.36614
8.903,0,-0.061773,-0.36707
8.921,0,-0.061773,-0.36818
8.938,0.00986,-0.061689,-0.36923
8.956,0.01972,-0.061423,-0.37034
8.972,-0.01972,-0.061423,-0.37132
8.987,0.00986,-0.061497,-0.37224
9.006,0.0493,-0.060935,-0.37341
9.023,-0.02958,-0.060767,-0.37444
9.041,-0.01972,-0.061211,-0.37554
9.059,-0.01972,-0.061566,-0.37664
9.077,0.00986,-0.061655,-0.37775
9.095,0.00986,-0.061477,-0.37886
9.11,-0.00986,-0.061477,-0.37978
9.128,-0,-0.061566,-0.38089
9.146,-0.0493,-0.06201,-0.382
9.163,-0.02958,-0.06268,-0.38306
9.181,0.03944,-0.062591,-0.38419
9.199,-0.02958,-0.062503,-0.38531
9.217,0,-0.062769,-0.38644
9.235,-0.03944,-0.063124,-0.38757
9.252,-0.02958,-0.06371,-0.38865
9.27,0,-0.063977,-0.3898
9.288,-0.00986,-0.064065,-0.39095
9.306,0.03944,-0.063799,-0.39211
9.324,-0.03944,-0.063799,-0.39325
9.341,-0,-0.064134,-0.39434
9.359,-0.01972,-0.064312,-0.3955
9.376,-0.02958,-0.064731,-0.39659
9.394,0.00986,-0.064908,-0.39776
9.413,-0.01972,-0.065002,-0.39899
9.43,-0,-0.06517,-0.4001
9.432,-0.01972,-0.065189,-0.40023
9.449,0.00986,-0.065273,-0.40134
9.484,-0,-0.065101,-0.40362
9.502,-0,-0.065101,-0.40479
9.519,-0.0493,-0.06552,-0.4059
9.537,-0.00986,-0.066052,-0.40709
9.554,-0.00986,-0.06622,-0.40821
9.572,0.00986,-0.06622,-0.4094
9.588,0.01972,-0.065983,-0.41046
9.603,-0.01972,-0.065983,-0.41145
9.619,-0,-0.066141,-0.41251
9.636,-0.01972,-0.066308,-0.41363
9.654,0,-0.066486,-0.41483
9.672,0.02958,-0.06622,-0.41602
9.689,0.00986,-0.065885,-0.41715
9.705,-0.02958,-0.066042,-0.4182
9.72,-0.03944,-0.06656,-0.4192
9.738,-0.02958,-0.067181,-0.4204
9.756,-0.01972,-0.067625,-0.42161
9.771,0.0493,-0.067403,-0.42263
9.787,-0.00986,-0.067087,-0.4237
9.819,-0.03944,-0.067876,-0.42586
9.837,-0.00986,-0.06832,-0.42709
9.854,0.02958,-0.068152,-0.42825
9.872,0.0493,-0.067442,-0.42947
9.889,-0.01972,-0.067191,-0.43061
9.905,-0.0493,-0.067743,-0.43169
9.921,-0.0493,-0.068532,-0.43278
9.937,-0.00986,-0.069005,-0.43388
9.953,-0.02958,-0.069321,-0.43499
9.97,-0,-0.069572,-0.43617
9.988,0.02958,-0.069306,-0.43742
10.006,-0.0493,-0.069483,-0.43867
10.021,-0.0493,-0.070223,-0.43972
10.037,-0.01972,-0.070775,-0.44084
10.069,0,-0.071091,-0.44311
10.087,0.03944,-0.070736,-0.44439
10.104,-0.02958,-0.070652,-0.44559
10.122,0,-0.070918,-0.44687
10.139,-0.01972,-0.071086,-0.44807
10.155,0.03944,-0.070928,-0.44921
10.171,0.00986,-0.070534,-0.45034
10.187,0.02958,-0.070218,-0.45147
10.203,-0,-0.069981,-0.45259
10.22,-0.00986,-0.070065,-0.45378
10.238,-0.03944,-0.070509,-0.45504
10.256,0.01972,-0.070686,-0.45632
10.271,-0.01972,-0.070686,-0.45738
10.287,-0.00986,-0.070923,-0.45851
10.32,-0.0493,-0.071899,-0.46087
10.338,-0.06902,-0.072964,-0.46217
10.355,0.0493,-0.073132,-0.46341
10.373,0.0493,-0.072244,-0.46472
10.388,0.02958,-0.071653,-0.4658
10.404,-0.01972,-0.071574,-0.46694
10.421,-0.00986,-0.071825,-0.46816
10.436,-0.02958,-0.072121,-0.46924
10.454,-0.02958,-0.072653,-0.47055
10.471,0.01972,-0.072737,-0.47178
10.489,-0.01972,-0.072737,-0.47309
10.505,0.00986,-0.072816,-0.47426
10.521,0,-0.072737,-0.47542
10.539,0.03944,-0.072382,-0.47673
10.554,0.01972,-0.071939,-0.47781
10.57,0.02958,-0.071544,-0.47896
10.603,-0.01972,-0.071381,-0.48131
10.621,-0.03944,-0.071914,-0.4826
10.652,-0.01972,-0.072831,-0.48485
10.669,-0.00986,-0.073082,-0.48609
10.686,0.02958,-0.072915,-0.48733
10.704,-0.03944,-0.073003,-0.48864
10.722,-0.03944,-0.073713,-0.48996
10.74,-0.06902,-0.07469,-0.4913
10.758,-0.00986,-0.075399,-0.49265
10.775,0.02958,-0.075232,-0.49393
10.791,0.02958,-0.074759,-0.49513
10.806,-0.00986,-0.074611,-0.49625
10.823,-0.0493,-0.075113,-0.49752
10.839,-0.0493,-0.075902,-0.49873
10.856,0.0493,-0.075902,-0.50002
10.875,-0.01972,-0.075621,-0.50146
10.891,-0.01972,-0.075937,-0.50267
10.907,-0.02958,-0.076331,-0.50389
10.924,-0.0493,-0.077002,-0.50519
10.939,-0.02958,-0.077593,-0.50635
10.957,0.02958,-0.077593,-0.50775
10.975,0.01972,-0.07715,-0.50914
10.993,-0.01972,-0.07715,-0.51053
11.011,-0.00986,-0.077416,-0.51192
11.028,0.00986,-0.077416,-0.51324
11.046,-0.01972,-0.077505,-0.51463
11.064,0.0493,-0.077238,-0.51603
11.082,0.00986,-0.076706,-0.51741
11.101,-0.00986,-0.076706,-0.51887
11.119,-0.01972,-0.076972,-0.52025
11.137,-0.00986,-0.077238,-0.52164
11.154,0.02958,-0.077071,-0.52295
11.172,0.03944,-0.07645,-0.52433
11.188,0,-0.076134,-0.52555
11.205,-0,-0.076134,-0.52685
11.224,-0.03944,-0.076509,-0.5283
11.241,0.01972,-0.076676,-0.5296
11.257,0.02958,-0.076282,-0.53082
11.273,-0.00986,-0.076124,-0.53204
11.288,-0,-0.076198,-0.53319
11.306,-0.00986,-0.076287,-0.53456
11.323,-0,-0.076371,-0.53586
11.341,0.02958,-0.076104,-0.53723
11.359,-0.00986,-0.075927,-0.5386
11.374,-0.00986,-0.076075,-0.53974
11.39,-0.03944,-0.076469,-0.54096
11.422,-0.01972,-0.077416,-0.54342
11.44,0.02958,-0.077327,-0.54481
11.457,0.00986,-0.076992,-0.54612
11.475,-0.01972,-0.077081,-0.54751
11.492,-0.00986,-0.077332,-0.54882
11.508,-0.03944,-0.077726,-0.55006
11.524,-0.02958,-0.078279,-0.55131
11.54,0.00986,-0.078436,-0.55256
11.557,0.00986,-0.078269,-0.5539
11.573,-0.02958,-0.078426,-0.55515
11.589,-0.0493,-0.079057,-0.55641
11.622,-0.02958,-0.080359,-0.55904
11.64,0,-0.080625,-0.56049
11.657,0.00986,-0.080541,-0.56186
11.675,0.01972,-0.080275,-0.56331
11.691,0.00986,-0.080039,-0.56459
11.706,0.01972,-0.079817,-0.56579
11.725,-0.06902,-0.080285,-0.56731
11.742,-0.01972,-0.081039,-0.56868
11.758,0,-0.081197,-0.56998
11.774,-0.01972,-0.081355,-0.57128
11.79,-0.00986,-0.081591,-0.57258
11.806,0.00986,-0.081591,-0.57389
11.823,-0.00986,-0.081591,-0.57527
11.841,0,-0.08168,-0.57674
11.859,-0.03944,-0.082035,-0.57822
11.874,-0.00986,-0.082405,-0.57945
11.89,-0.02958,-0.08272,-0.58077
11.907,0.01972,-0.082804,-0.58218
11.925,0.03944,-0.082272,-0.58366
11.943,0.01972,-0.081739,-0.58514
11.974,-0.00986,-0.081587,-0.58767
11.99,-0.00986,-0.081744,-0.58898
12.006,-0.00986,-0.081902,-0.59029
12.024,0.02958,-0.081725,-0.59176
12.041,0.0493,-0.081054,-0.59314
12.059,0.01972,-0.080433,-0.5946
12.074,-0.00986,-0.080359,-0.5958
12.09,-0.0493,-0.080832,-0.59709
12.107,0.01972,-0.081084,-0.59847
12.123,0.01972,-0.080768,-0.59976
12.14,-0,-0.080601,-0.60114
12.173,-0.00986,-0.080763,-0.6038
12.191,-0.00986,-0.080941,-0.60525
12.208,0.00986,-0.080941,-0.60663
12.226,0.01972,-0.080675,-0.60808
12.241,0,-0.080527,-0.60929
12.257,0.02958,-0.08029,-0.61058
12.275,-0.03944,-0.080379,-0.61203
12.292,-0,-0.080714,-0.61339
12.308,-0.00986,-0.080793,-0.61469
12.323,0.01972,-0.080719,-0.6159
12.34,0,-0.080551,-0.61727
12.356,0.00986,-0.080472,-0.61856
12.372,0.01972,-0.080236,-0.61984
12.388,-0.00986,-0.080157,-0.62113
12.405,-0.00986,-0.080324,-0.62249
12.423,0,-0.080413,-0.62394
12.442,-0.00986,-0.080507,-0.62547
12.459,-0.00986,-0.080675,-0.62684
12.475,0.01972,-0.080596,-0.62813
12.508,0.03944,-0.07962,-0.63077
12.524,0.00986,-0.079225,-0.63204
12.54,0.00986,-0.079067,-0.63331
12.556,0.01972,-0.078831,-0.63457
12.573,-0.01972,-0.078831,-0.63591
12.591,-0.03944,-0.079363,-0.63733
12.624,-0.00986,-0.080177,-0.63997
12.64,0.05916,-0.079782,-0.64125
12.662,0.00986,-0.079023,-0.64299
12.68,0.01972,-0.078757,-0.64441
12.698,-0.02958,-0.078845,-0.64583
12.715,-0.01972,-0.079265,-0.64717
12.733,-0,-0.079442,-0.6486
12.75,0.00986,-0.079358,-0.64995
12.768,0.02958,-0.079003,-0.65138
12.784,-0.0493,-0.079161,-0.65264
12.799,0.00986,-0.079457,-0.65383
12.817,-0.00986,-0.079457,-0.65526
12.834,0.01972,-0.079373,-0.65661
12.852,-0.0493,-0.079639,-0.65804
12.868,0.01972,-0.079876,-0.65932
12.883,0.00986,-0.079654,-0.66052
12.9,-0.02958,-0.079822,-0.66187
12.915,0.00986,-0.07997,-0.66307
12.933,-0.00986,-0.07997,-0.66451
12.951,-0.02958,-0.080324,-0.66595
12.968,-0.02958,-0.080827,-0.66732
12.986,-0.00986,-0.081182,-0.66878
13.001,0.02958,-0.081034,-0.67
13.017,0.02958,-0.080561,-0.67129
13.034,0.0493,-0.079891,-0.67265
13.049,0.01972,-0.079373,-0.67385
13.067,0.01972,-0.079018,-0.67527
13.084,0,-0.07885,-0.67662
13.102,0.0493,-0.078407,-0.67803
13.118,0.02958,-0.077776,-0.67928
13.133,-0,-0.077554,-0.68045
13.15,-0.02958,-0.077805,-0.68177
13.165,0,-0.078027,-0.68293
13.183,-0.01972,-0.078205,-0.68434
13.218,0.02958,-0.078032,-0.68708
13.236,-0.03944,-0.078121,-0.68848
13.251,0.03944,-0.078121,-0.68965
13.269,-0.02958,-0.078032,-0.69106
13.285,-0.01972,-0.078426,-0.69231
13.302,-0.00986,-0.078678,-0.69364
13.318,0.00986,-0.078678,-0.6949
13.333,0.00986,-0.07853,-0.69608
13.351,-0.00986,-0.07853,-0.6975
13.369,0.00986,-0.07853,-0.69891
13.384,-0.00986,-0.07853,-0.70009
13.4,0.01972,-0.078451,-0.70134
13.416,0.00986,-0.078214,-0.7026
13.432,0.01972,-0.077978,-0.70385
13.45,-0.01972,-0.077978,-0.70525
13.465,-0,-0.078126,-0.70642
13.483,-0.00986,-0.078214,-0.70783
13.518,0.01972,-0.078042,-0.71056
13.536,0.01972,-0.077687,-0.71196
13.551,-0.0493,-0.077909,-0.71313
13.567,-0.06902,-0.078855,-0.71438
13.583,0.00986,-0.079329,-0.71565
13.599,0.00986,-0.079171,-0.71692
13.617,0.03944,-0.078727,-0.71834
13.634,0.05916,-0.077889,-0.71967
13.652,-0.02958,-0.077623,-0.72107
13.667,0.01972,-0.077697,-0.72224
13.683,-0.05916,-0.078012,-0.72348
13.699,0.00986,-0.078407,-0.72473
13.714,-0.00986,-0.078407,-0.72591
13.732,0.00986,-0.078407,-0.72732
13.749,-0.01972,-0.078491,-0.72865
13.767,-0.01972,-0.078845,-0.73007
13.786,0.01972,-0.078845,-0.73157
13.803,0.01972,-0.07851,-0.7329
13.821,-0.00986,-0.078422,-0.73432
13.838,0.00986,-0.078422,-0.73565
13.856,-0.02958,-0.078599,-0.73706
13.874,-0.03944,-0.07922,-0.73848
13.891,-0.01972,-0.079723,-0.73984
13.909,0.05916,-0.079368,-0.74127
13.944,0.00986,-0.07816,-0.74402
13.946,-0.00986,-0.07816,-0.74418
13.963,-0.02958,-0.078495,-0.74551
13.98,0.01972,-0.078579,-0.74685
13.998,0.01972,-0.078224,-0.74826
14.015,0.03944,-0.077721,-0.74958
14.033,-0.00986,-0.077455,-0.75098
14.051,-0.05916,-0.078076,-0.75238
14.068,0.00986,-0.078495,-0.75371
14.086,0.03944,-0.078052,-0.75512
14.101,0.02958,-0.077534,-0.75629
14.134,-0.01972,-0.077371,-0.75884
14.149,-0.01972,-0.077667,-0.76001
14.167,-0.00986,-0.077933,-0.76141
14.184,0.01972,-0.07785,-0.76273
14.202,0.01972,-0.077495,-0.76413
14.218,0.01972,-0.077179,-0.76537
14.233,-0.02958,-0.077253,-0.76652
14.25,-0.03944,-0.07784,-0.76784
14.265,-0.01972,-0.078283,-0.76901
14.283,0.02958,-0.078195,-0.77042
14.301,0.00986,-0.07784,-0.77183
14.318,0,-0.077756,-0.77315
14.336,-0,-0.077756,-0.77455
14.351,-0.02958,-0.077978,-0.77572
14.367,0.00986,-0.078136,-0.77696
14.385,0.01972,-0.077869,-0.77837
14.402,0,-0.077702,-0.77969
14.433,0,-0.077702,-0.7821
14.451,-0.00986,-0.07779,-0.7835
14.469,-0.01972,-0.078057,-0.7849
14.484,-0,-0.078205,-0.78607
14.5,0.00986,-0.078126,-0.78732
14.515,0.00986,-0.077978,-0.78849
14.533,0.00986,-0.0778,-0.7899
14.551,0.00986,-0.077623,-0.7913
14.568,0.00986,-0.077455,-0.79261
14.586,0.00986,-0.077278,-0.79401
14.633,0.01972,-0.076583,-0.79762
14.648,-0.01972,-0.076583,-0.79877
14.676,-0.03944,-0.077411,-0.80093
14.693,0.00986,-0.077662,-0.80225
14.711,0.01972,-0.077396,-0.80364
14.729,0.0493,-0.076775,-0.80503
14.746,0.01972,-0.076188,-0.80633
14.764,-0.02958,-0.076277,-0.8077
14.781,-0.02958,-0.07678,-0.809
14.799,-0.01972,-0.077224,-0.81039
14.817,0.00986,-0.077312,-0.81178
14.832,0.03944,-0.076943,-0.81294
14.848,0.00986,-0.076548,-0.81416
14.864,-0.05916,-0.076943,-0.81539
14.88,-0.0493,-0.07781,-0.81663
14.898,0.00986,-0.078165,-0.81803
14.915,-0.01972,-0.078249,-0.81936
14.933,0.01972,-0.078249,-0.82077
14.948,-0.02958,-0.078323,-0.82195
14.964,-0.02958,-0.078796,-0.8232
14.98,0.01972,-0.078875,-0.82446
14.997,0.02958,-0.078456,-0.8258
15.015,0.02958,-0.077924,-0.82721
15.032,0.01972,-0.077505,-0.82853
15.05,-0.02958,-0.077593,-0.82993
15.066,-0.02958,-0.078067,-0.83117
15.081,-0.00986,-0.078362,-0.83234
15.098,0.01972,-0.078279,-0.83368
15.113,-0.00986,-0.078205,-0.83485
15.131,0.03944,-0.077938,-0.83625
15.149,-0.03944,-0.077938,-0.83766
15.164,-0.01972,-0.078382,-0.83883
15.181,0.02958,-0.078298,-0.84016
15.196,0.02958,-0.077855,-0.84133
15.214,-0,-0.077588,-0.84273
15.232,-0,-0.077588,-0.84413
15.249,0.00986,-0.077505,-0.84545
15.267,0,-0.077416,-0.84684
15.282,0.01972,-0.077268,-0.848
15.298,0,-0.07711,-0.84924
15.315,-0.0493,-0.077529,-0.85055
15.33,-0.01972,-0.078047,-0.85172
15.347,-0.00986,-0.078298,-0.85305
15.362,-0,-0.078372,-0.85422
15.38,0.03944,-0.078017,-0.85563
15.398,-0.0493,-0.078106,-0.85703
15.415,-0.03944,-0.07886,-0.85837
15.433,-0.0493,-0.079659,-0.85979
15.45,-0.01972,-0.080246,-0.86115
15.466,0.03944,-0.080088,-0.86244
15.482,0.00986,-0.079693,-0.86371
15.498,-0,-0.079615,-0.86499
15.514,-0.01972,-0.079772,-0.86626
15.531,-0.01972,-0.080108,-0.86762
15.549,0.01972,-0.080108,-0.86906
15.567,-0.01972,-0.080108,-0.87051
15.598,-0.02958,-0.080872,-0.873
15.614,-0,-0.081108,-0.8743
15.631,-0.01972,-0.081276,-0.87568
15.649,-0,-0.081453,-0.87714
15.666,0.01972,-0.081286,-0.87853
15.682,0.00986,-0.081049,-0.87982
15.697,-0.00986,-0.081049,-0.88104
15.714,-0.05916,-0.081636,-0.88242
15.73,0,-0.082109,-0.88373
15.747,-0.00986,-0.082193,-0.88513
15.765,0.0493,-0.081838,-0.88661
15.783,0.03944,-0.081039,-0.88807
15.801,-0.03944,-0.081039,-0.88953
15.819,-0.00986,-0.081483,-0.89099
15.836,-0.01972,-0.081734,-0.89238
15.871,0.0493,-0.081217,-0.89523
15.889,0.00986,-0.080684,-0.89669
15.907,-0.02958,-0.080862,-0.89814
15.924,-0.03944,-0.081449,-0.89952
15.926,0.00986,-0.081478,-0.89969
15.943,0.01972,-0.081227,-0.90107
15.978,0.00986,-0.080709,-0.9039
15.996,0.02958,-0.080354,-0.90535
16.013,0.00986,-0.080019,-0.90672
16.031,-0.03944,-0.080285,-0.90816
16.048,0,-0.08062,-0.90953
16.066,0.00986,-0.080532,-0.91098
16.084,0.00986,-0.080354,-0.91242
16.099,0,-0.08028,-0.91363
16.115,-0.03944,-0.080596,-0.91492
16.131,0.00986,-0.080832,-0.91621
16.148,0.01972,-0.080581,-0.91758
16.166,0.00986,-0.080315,-0.91903
16.183,-0.01972,-0.080398,-0.92039
16.199,-0.01972,-0.080714,-0.92168
16.214,-0.02958,-0.081084,-0.9229
16.231,-0.00986,-0.081419,-0.92428
16.247,0.00986,-0.081419,-0.92558
16.264,0.01972,-0.081168,-0.92696
16.28,-0.00986,-0.081089,-0.92826
16.297,-0.00986,-0.081256,-0.92964
16.315,-0.02958,-0.081611,-0.93111
16.334,0.02958,-0.081611,-0.93266
16.351,-0.00986,-0.081444,-0.93404
16.369,0.02958,-0.081266,-0.93551
16.404,-0.03944,-0.081439,-0.93835
16.422,0,-0.081794,-0.93982
16.439,-0.01972,-0.081961,-0.94122
16.457,0.00986,-0.08205,-0.94269
16.474,-0.00986,-0.08205,-0.94409
16.476,-0.00986,-0.08207,-0.94425
16.493,-0.01972,-0.082321,-0.94565
16.511,-0.01972,-0.082676,-0.94713
16.528,0.00986,-0.08276,-0.94854
16.546,-0.02958,-0.082937,-0.95003
16.563,-0.00986,-0.083273,-0.95144
16.581,-0.00986,-0.08345,-0.95294
16.63,-0.0493,-0.0849,-0.95707
16.645,0,-0.085269,-0.95834
16.668,0,-0.085269,-0.96031
16.686,0.00986,-0.085181,-0.96184
16.703,-0.01972,-0.085264,-0.96329
16.721,-0,-0.085442,-0.96482
16.738,-0.01972,-0.085609,-0.96628
16.756,0.00986,-0.085698,-0.96782
16.774,0,-0.085609,-0.96936
16.791,0.02958,-0.085358,-0.97082
16.807,-0.00986,-0.0852,-0.97218
16.822,-0.02958,-0.085496,-0.97346
16.839,-0.00986,-0.085831,-0.97492
16.855,0.01972,-0.085752,-0.97629
16.871,0.02958,-0.085358,-0.97766
16.887,-0.00986,-0.0852,-0.97902
16.904,-0.00986,-0.085368,-0.98047
16.922,-0.02958,-0.085723,-0.98201
16.94,0,-0.085989,-0.98356
16.957,0.01972,-0.085821,-0.98502
16.975,0.03944,-0.085289,-0.98656
16.99,0.00986,-0.084919,-0.98783
17.006,-0.00986,-0.084919,-0.98919
17.023,0,-0.085003,-0.99064
17.038,-0.03944,-0.085299,-0.99191
17.056,0.02958,-0.085388,-0.99345
17.071,0.02958,-0.084944,-0.99473
17.089,-0.0493,-0.085121,-0.99626
17.107,0.00986,-0.085476,-0.99779
17.124,-0.00986,-0.085476,-0.99925
17.14,0.0493,-0.085161,-1.0006
17.155,0.0493,-0.084421,-1.0019
17.173,-0.06902,-0.084599,-1.0034
17.191,-0.03944,-0.085575,-1.0049
17.206,-0,-0.085871,-1.0062
17.222,0.03944,-0.085555,-1.0076
17.237,0.02958,-0.085038,-1.0089
17.273,-0.01972,-0.08486,-1.0119
17.29,-0.02958,-0.085279,-1.0134
17.308,-0.02958,-0.085812,-1.0149
17.323,-0.01972,-0.086181,-1.0162
17.339,0.00986,-0.08626,-1.0176
17.356,-0,-0.086176,-1.0191
17.371,0.02958,-0.085955,-1.0203
17.387,-0.01972,-0.085876,-1.0217
17.404,0.00986,-0.085959,-1.0232
17.422,0.00986,-0.085782,-1.0247
17.44,0.00986,-0.085605,-1.0263
17.457,0.02958,-0.085269,-1.0277
17.475,-0.00986,-0.085092,-1.0293
17.49,-0.07888,-0.085757,-1.0305
17.506,-0.00986,-0.086467,-1.0319
17.523,0.0493,-0.086132,-1.0334
17.558,0.02958,-0.084752,-1.0364
17.575,-0.00986,-0.084584,-1.0378
17.593,-0.02958,-0.084939,-1.0393
17.609,-0.02958,-0.085412,-1.0407
17.626,0.0493,-0.085245,-1.0421
17.644,0.00986,-0.084712,-1.0437
17.661,-0.00986,-0.084712,-1.0451
17.679,0.00986,-0.084712,-1.0466
17.697,-0.02958,-0.08489,-1.0482
17.714,-0.00986,-0.085225,-1.0496
17.732,-0.00986,-0.085402,-1.0512
17.749,0.01972,-0.085319,-1.0526
17.751,-0.00986,-0.085309,-1.0528
17.786,-0.00986,-0.085654,-1.0558
17.803,-0.03944,-0.086073,-1.0572
17.823,0,-0.086467,-1.0589
17.84,0.03944,-0.086132,-1.0604
17.856,0,-0.085817,-1.0618
17.872,-0.0493,-0.086211,-1.0632
17.887,-0.03944,-0.086876,-1.0645
17.905,0,-0.087231,-1.066
17.922,0.00986,-0.087148,-1.0675
17.941,-0.00986,-0.087148,-1.0692
17.959,-0.03944,-0.087591,-1.0707
17.976,-0,-0.087927,-1.0722
17.994,-0.03944,-0.088282,-1.0738
18.011,0.00986,-0.088533,-1.0753
18.029,-0.00986,-0.088533,-1.0769
18.047,0.01972,-0.088444,-1.0785
18.064,0.01972,-0.088109,-1.08
18.082,0.03944,-0.087577,-1.0816
18.099,-0.05916,-0.087744,-1.0831
18.118,0.02958,-0.088025,-1.0848
18.136,-0.00986,-0.087848,-1.0863
18.153,-0.02958,-0.088183,-1.0878
18.171,-0.02958,-0.088715,-1.0894
18.188,-0.00986,-0.089051,-1.0909
18.204,-0,-0.089129,-1.0924
18.222,0.0493,-0.088686,-1.094
18.239,-0,-0.088267,-1.0955
18.257,-0.01972,-0.088444,-1.0971
18.274,-0,-0.088612,-1.0986
18.306,-0.01972,-0.088927,-1.1014
18.323,-0.00986,-0.089179,-1.1029
18.341,0.00986,-0.089179,-1.1045
18.358,-0.00986,-0.089179,-1.106
18.377,-0.02958,-0.089553,-1.1077
18.395,-0.03944,-0.090175,-1.1094
18.41,0.00986,-0.090396,-1.1107
18.428,0.01972,-0.09013,-1.1123
18.445,0.03944,-0.089627,-1.1139
18.463,-0.01972,-0.08945,-1.1155
18.482,-0.02958,-0.089918,-1.1172
18.499,-0.02958,-0.090421,-1.1187
18.501,-0,-0.090451,-1.1189
18.518,0.00986,-0.090367,-1.1204
18.535,-0.01972,-0.090451,-1.122
18.553,-0,-0.090628,-1.1236
18.589,-0.01972,-0.090983,-1.1269
18.607,-0.02958,-0.091427,-1.1285
18.622,0.00986,-0.091575,-1.1299
18.639,-0,-0.091491,-1.1314
18.655,-0.00986,-0.09157,-1.1329
18.673,0,-0.091659,-1.1345
18.691,-0.03944,-0.092014,-1.1362
18.706,0.01972,-0.092161,-1.1376
18.722,0.02958,-0.091767,-1.1391
18.738,-0.00986,-0.091609,-1.1405
18.753,-0.03944,-0.091979,-1.1419
18.771,-0.01972,-0.092511,-1.1436
18.789,0.03944,-0.092334,-1.1452
18.806,-0.00986,-0.092083,-1.1468
18.824,0.01972,-0.091994,-1.1484
18.856,-0.02958,-0.092152,-1.1514
18.873,0.00986,-0.092319,-1.153
18.89,-0.03944,-0.092571,-1.1545
18.908,0.03944,-0.092571,-1.1562
18.923,0.02958,-0.092053,-1.1576
18.939,-0.01972,-0.091974,-1.1591
18.955,-0.03944,-0.092447,-1.1605
18.97,0.02958,-0.092521,-1.1619
18.988,0.01972,-0.092078,-1.1636
19.005,0.0493,-0.091491,-1.1651
19.024,-0.02958,-0.091304,-1.1669
19.042,-0.01972,-0.091747,-1.1685
19.057,-0.02958,-0.092117,-1.1699
19.073,-0.01972,-0.092511,-1.1714
19.089,0.01972,-0.092511,-1.1729
19.105,0.02958,-0.092117,-1.1743
19.14,0.01972,-0.091254,-1.1775
19.158,-0.01972,-0.091254,-1.1792
19.173,-0.03944,-0.091698,-1.1806
19.19,-0.00986,-0.092117,-1.1821
19.208,-0.01972,-0.092383,-1.1838
19.223,0.02958,-0.092309,-1.1852
19.239,-0.03944,-0.092388,-1.1866
19.254,-0.01972,-0.092832,-1.188
19.272,-0.00986,-0.093098,-1.1897
19.288,0.00986,-0.093098,-1.1912
19.305,0.03944,-0.092679,-1.1928
19.338,0.00986,-0.091866,-1.1958
19.357,-0.02958,-0.092053,-1.1976
19.375,-0.0493,-0.092763,-1.1992
19.39,0.00986,-0.093059,-1.2006
19.406,0.03944,-0.092664,-1.2021
19.422,0.00986,-0.09227,-1.2036
19.438,-0.03944,-0.092507,-1.2051
19.456,-0.02958,-0.093128,-1.2067
19.474,-0,-0.093394,-1.2084
19.492,0.01972,-0.093216,-1.2101
19.509,0.01972,-0.092881,-1.2117
19.527,0,-0.092704,-1.2133
19.545,-0.02958,-0.09297,-1.215
19.562,0.00986,-0.093138,-1.2166
19.581,-0.01972,-0.093231,-1.2184
19.597,0.01972,-0.093231,-1.2199
19.613,-0.01972,-0.093231,-1.2214
19.631,-0.01972,-0.093586,-1.223
19.648,-0.0493,-0.094173,-1.2246
19.666,-0.02958,-0.094883,-1.2263
19.683,0.03944,-0.094799,-1.2279
19.702,0.02958,-0.094143,-1.2297
19.72,-0,-0.093877,-1.2314
19.737,-0.02958,-0.094128,-1.233
19.755,-0.00986,-0.094483,-1.2347
19.772,-0.00986,-0.094651,-1.2363
19.79,0.02958,-0.094474,-1.238
19.808,0.01972,-0.09403,-1.2397
19.825,-0.01972,-0.09403,-1.2413
19.841,-0.0493,-0.094582,-1.2428
19.856,-0.01972,-0.0951,-1.2443
19.873,0.0493,-0.094848,-1.2459
19.907,0.0493,-0.093172,-1.2491
19.925,-0.00986,-0.092817,-1.2507
19.94,-0.02958,-0.093113,-1.2521
19.956,0.00986,-0.093271,-1.2536
19.973,0.01972,-0.093019,-1.2552
19.988,0.01972,-0.092723,-1.2566
20.006,-0.01972,-0.092723,-1.2583
20.023,0,-0.092891,-1.2599
20.039,-0.00986,-0.09297,-1.2613
20.057,-0.01972,-0.093236,-1.263
20.074,0.01972,-0.093236,-1.2646
20.092,-0.01972,-0.093236,-1.2663
20.107,-0,-0.093384,-1.2677
20.123,-0.03944,-0.0937,-1.2692
20.14,-0.00986,-0.094119,-1.2708
20.155,-0.03944,-0.094488,-1.2722
20.19,-0.02958,-0.095696,-1.2755
20.208,0.01972,-0.095785,-1.2772
20.224,-0.01972,-0.095785,-1.2788
20.239,-0.03944,-0.096229,-1.2802
20.256,-0.0493,-0.096983,-1.2819
20.271,-0,-0.097353,-1.2833
20.289,-0.02958,-0.097619,-1.2851
20.307,0.02958,-0.097619,-1.2868
20.324,-0.00986,-0.097451,-1.2885
20.342,-0.0493,-0.097984,-1.2902
20.357,0,-0.098354,-1.2917
20.373,-0,-0.098354,-1.2933
20.405,-0.00986,-0.098511,-1.2964
20.422,-0.02958,-0.098847,-1.2981
20.437,-0.02958,-0.09929,-1.2996
20.456,-0.01972,-0.099759,-1.3015
20.474,0.01972,-0.099759,-1.3033
20.491,-0.01972,-0.099759,-1.305
20.507,-0.00986,-0.099995,-1.3066
20.522,-0.03944,-0.10036,-1.3081
20.538,0.01972,-0.10052,-1.3097
20.556,-0.02958,-0.10061,-1.3115
20.573,0.01972,-0.1007,-1.3132
20.589,0,-0.10054,-1.3148
20.606,0.00986,-0.10045,-1.3165
20.64,0,-0.10029,-1.3199
20.655,-0.01972,-0.10043,-1.3215
20.675,0.02958,-0.10034,-1.3235
20.692,0.05916,-0.099581,-1.3252
20.71,0.03944,-0.098694,-1.3269
20.728,-0.02958,-0.098605,-1.3287
20.745,0.01972,-0.098689,-1.3304
20.763,-0.00986,-0.0986,-1.3322
20.781,0.03944,-0.098334,-1.3339
20.799,0.00986,-0.09789,-1.3357
20.817,-0.00986,-0.09789,-1.3375
20.834,-0.0493,-0.098393,-1.3391
20.852,-0.01972,-0.099014,-1.3409
20.869,0.00986,-0.099098,-1.3426
20.887,0.00986,-0.09892,-1.3444
20.905,0.00986,-0.098743,-1.3462
20.922,0,-0.098659,-1.3478
20.94,-0.02958,-0.098925,-1.3496
20.942,0.02958,-0.098925,-1.3498
20.958,0.00986,-0.09861,-1.3514
20.976,0.03944,-0.098166,-1.3532
20.995,-0.02958,-0.098072,-1.355
21.012,-0.02958,-0.098575,-1.3567
21.03,-0.01972,-0.099019,-1.3585
21.047,0.05916,-0.098684,-1.3602
21.065,0.01972,-0.097974,-1.3619
21.081,-0.03944,-0.098132,-1.3635
21.112,-0.00986,-0.098896,-1.3666
21.129,-0.03944,-0.099315,-1.3682
21.147,0.01972,-0.099492,-1.37
21.165,0.01972,-0.099137,-1.3718
21.182,0.00986,-0.098886,-1.3735
21.198,-0.03944,-0.099123,-1.3751
21.215,-0.00986,-0.099542,-1.3768
21.231,-0.01972,-0.099778,-1.3784
21.247,-0.00986,-0.10001,-1.38
21.263,0.02958,-0.099857,-1.3816
21.279,0.03944,-0.099305,-1.3832
21.296,-0.00986,-0.099054,-1.3848
21.314,0,-0.099142,-1.3866
21.332,-0.00986,-0.099231,-1.3884
21.347,0.02958,-0.099083,-1.3899
21.363,-0.01972,-0.099004,-1.3915
21.396,-0.00986,-0.099492,-1.3948
21.414,-0.0493,-0.10002,-1.3966
21.431,-0.01972,-0.10061,-1.3983
21.449,-0,-0.10079,-1.4001
21.464,-0.01972,-0.10094,-1.4016
21.48,0.01972,-0.10094,-1.4032
21.497,-0.01972,-0.10094,-1.4049
21.512,-0.0493,-0.10145,-1.4064
21.53,0.00986,-0.10181,-1.4083
21.547,-0.01972,-0.10189,-1.41
21.565,0,-0.10207,-1.4118
21.581,-0.03944,-0.10239,-1.4135
21.596,-0.0493,-0.10305,-1.415
21.629,-0,-0.10387,-1.4184
21.647,-0.03944,-0.10422,-1.4203
21.666,0,-0.10459,-1.4223
21.683,-0.01972,-0.10476,-1.4241
21.699,-0.02958,-0.10516,-1.4257
21.716,-0,-0.10541,-1.4275
21.734,0.02958,-0.10514,-1.4294
21.752,-0.01972,-0.10505,-1.4313
21.769,-0.03944,-0.10556,-1.4331
21.787,-0.01972,-0.10609,-1.435
21.804,-0.06902,-0.10684,-1.4368
21.822,0.00986,-0.10738,-1.4387
21.84,-0,-0.10729,-1.4407
21.857,0.02958,-0.10704,-1.4425
21.876,-0.00986,-0.10685,-1.4445
21.894,-0.00986,-0.10703,-1.4465
21.912,-0.00986,-0.1072,-1.4484
21.93,0.00986,-0.1072,-1.4503
21.947,0.03944,-0.10678,-1.4521
21.965,0.00986,-0.10634,-1.4541
21.982,-0.01972,-0.10642,-1.4559
21.998,0.00986,-0.1065,-1.4576
22.014,-0.03944,-0.10674,-1.4593
22.03,0,-0.10705,-1.461
22.046,0,-0.10705,-1.4627
22.063,0.0493,-0.10664,-1.4645
22.081,-0,-0.10619,-1.4664
22.114,-0.01972,-0.10652,-1.4699
22.13,-0,-0.10668,-1.4716
22.145,-0,-0.10668,-1.4732
22.161,-0.00986,-0.10675,-1.4749
22.179,-0.02958,-0.10711,-1.4769
22.196,-0.01972,-0.10753,-1.4787
22.214,-0.03944,-0.10806,-1.4806
22.231,0.00986,-0.10831,-1.4825
22.249,-0.00986,-0.10831,-1.4844
22.265,0,-0.10839,-1.4862
22.28,-0.03944,-0.10869,-1.4878
22.297,0.01972,-0.10885,-1.4896
22.331,-0.00986,-0.10869,-1.4933
22.349,-0.00986,-0.10886,-1.4953
22.364,-0.00986,-0.10901,-1.4969
22.38,0.00986,-0.10901,-1.4987
22.396,-0.03944,-0.10925,-1.5004
22.413,-0.02958,-0.10984,-1.5023
22.431,0.01972,-0.10992,-1.5043
22.448,0.00986,-0.10967,-1.5061
22.466,-0.00986,-0.10967,-1.5081
22.483,-0.02958,-0.11001,-1.51
22.501,-0.00986,-0.11036,-1.5119
22.519,-0.01972,-0.11063,-1.5139
22.536,0.00986,-0.11071,-1.5158
22.554,0.02958,-0.11036,-1.5178
22.571,-0.01972,-0.11027,-1.5197
22.589,-0.00986,-0.11054,-1.5217
22.638,-0.0493,-0.11199,-1.5271
22.669,-0.00986,-0.11291,-1.5306
22.687,0.01972,-0.11282,-1.5326
22.702,0.02958,-0.11245,-1.5343
22.718,0.02958,-0.11198,-1.5361
22.734,-0.02958,-0.11198,-1.5379
22.75,-0,-0.11221,-1.5397
22.768,-0.01972,-0.11239,-1.5417
22.785,0.02958,-0.11231,-1.5436
22.803,0.01972,-0.11186,-1.5457
22.82,0,-0.11169,-1.5476
22.836,0.01972,-0.11154,-1.5493
22.852,0,-0.11138,-1.5511
22.868,0.03944,-0.11106,-1.5529
22.884,0.05916,-0.11027,-1.5547
22.901,-0,-0.10977,-1.5566
22.919,-0,-0.10977,-1.5585
22.937,-0,-0.10977,-1.5605
22.952,0.03944,-0.10948,-1.5621
22.968,0.01972,-0.109,-1.5639
22.984,0.02958,-0.10861,-1.5656
23,-0.00986,-0.10845,-1.5674
23.018,-0.00986,-0.10863,-1.5693
23.035,-0.00986,-0.1088,-1.5712
23.053,-0.01972,-0.10906,-1.5731
23.068,-0.00986,-0.10928,-1.5748
23.084,-0.01972,-0.10952,-1.5765
23.1,-0.00986,-0.10976,-1.5783
23.117,-0.01972,-0.11001,-1.5801
23.135,-0,-0.11019,-1.5821
23.152,0.00986,-0.1101,-1.584
23.17,-0.00986,-0.1101,-1.586
23.186,-0.00986,-0.11026,-1.5877
23.201,-0,-0.11033,-1.5894
23.218,0.00986,-0.11025,-1.5913
23.233,0.00986,-0.1101,-1.5929
23.25,0.03944,-0.10968,-1.5948
23.266,-0.00986,-0.10945,-1.5965
23.283,-0.02958,-0.10978,-1.5984
23.301,-0.02958,-0.11031,-1.6004
23.32,0.00986,-0.1105,-1.6025
23.337,0.03944,-0.11008,-1.6044
23.353,0,-0.10977,-1.6061
23.37,-0.01972,-0.10993,-1.608
23.386,-0.02958,-0.11033,-1.6098
23.401,0.01972,-0.1104,-1.6114
23.418,0.02958,-0.10998,-1.6133
23.434,0,-0.10975,-1.615
23.451,-0.00986,-0.10983,-1.6169
23.469,-0.01972,-0.1101,-1.6189
23.486,-0.02958,-0.11052,-1.6208
23.518,-0.00986,-0.11115,-1.6243
23.535,-0.00986,-0.11131,-1.6262
23.553,-0.01972,-0.11158,-1.6282
23.57,-0.01972,-0.11192,-1.6301
23.586,0.00986,-0.11199,-1.6319
23.602,0.00986,-0.11184,-1.6337
23.618,0.00986,-0.11168,-1.6355
23.634,0.01972,-0.11144,-1.6373
23.651,-0.02958,-0.11153,-1.6392
23.669,-0.02958,-0.11206,-1.6412
23.687,-0,-0.11233,-1.6432
23.702,-0,-0.11233,-1.6449
23.734,0.01972,-0.11201,-1.6485
23.75,-0.0493,-0.11225,-1.6503
23.768,0,-0.11269,-1.6523
23.785,0.03944,-0.11235,-1.6542
23.803,-0,-0.112,-1.6562
23.82,-0,-0.112,-1.6581
23.838,0.00986,-0.11191,-1.6601
23.856,-0,-0.11182,-1.6621
23.873,-0.02958,-0.11207,-1.664
23.891,-0.01972,-0.11252,-1.6661
23.908,0.00986,-0.1126,-1.668
23.926,0.00986,-0.11242,-1.67
23.944,0.0493,-0.11189,-1.672
23.961,-0.01972,-0.11164,-1.6739
23.98,-0.00986,-0.11192,-1.676
23.997,0,-0.112,-1.678
24.015,0.02958,-0.11174,-1.68
24.033,-0.00986,-0.11156,-1.682
24.05,-0.00986,-0.11173,-1.6839
24.068,-0.01972,-0.11199,-1.6859
24.085,-0.03944,-0.1125,-1.6878
24.103,-0.00986,-0.11294,-1.6898
24.119,0,-0.11302,-1.6916
24.134,-0.00986,-0.11309,-1.6933
24.15,0,-0.11317,-1.6951
24.167,-0.01972,-0.11334,-1.6971
24.185,-0.00986,-0.11361,-1.6991
24.203,0.0493,-0.11325,-1.7011
24.22,-0.01972,-0.113,-1.7031
24.251,-0.03944,-0.11392,-1.7066
24.268,-0.01972,-0.11442,-1.7085
24.284,-0.01972,-0.11474,-1.7104
24.3,0.02958,-0.11466,-1.7122
24.316,0.01972,-0.11426,-1.714
24.333,0.00986,-0.11401,-1.716
24.351,-0.0493,-0.11437,-1.718
24.369,0.01972,-0.11463,-1.7201
24.386,0.0493,-0.11405,-1.722
24.404,-0.00986,-0.11369,-1.7241
24.419,-0.02958,-0.11399,-1.7258
24.435,-0.02958,-0.11446,-1.7276
24.452,-0.03944,-0.11505,-1.7296
24.485,-0.00986,-0.11586,-1.7334
24.502,0,-0.11594,-1.7353
24.52,0.02958,-0.11568,-1.7374
24.536,0.03944,-0.11513,-1.7393
24.551,-0.03944,-0.11513,-1.741
24.568,-0.05916,-0.11596,-1.743
24.583,-0.02958,-0.11663,-1.7447
24.601,0.00986,-0.11681,-1.7468
24.634,0.00986,-0.11648,-1.7507
24.65,0.00986,-0.11632,-1.7525
24.682,-0.01972,-0.11648,-1.7562
24.698,-0.00986,-0.11672,-1.7581
24.713,-0.01972,-0.11694,-1.7599
24.731,0,-0.11712,-1.762
24.748,0,-0.11712,-1.764
24.766,-0.0493,-0.11756,-1.7661
24.785,-0.01972,-0.11822,-1.7683
24.787,-0.01972,-0.11826,-1.7686
24.803,0.00986,-0.11833,-1.7704
24.822,0.02958,-0.11796,-1.7727
24.839,-0.02958,-0.11796,-1.7747
24.857,-0.0493,-0.11867,-1.7768
24.875,-0.02958,-0.11938,-1.779
24.892,-0.00986,-0.11972,-1.781
24.91,0.00986,-0.11972,-1.7832
24.927,0.00986,-0.11955,-1.7852
24.943,0.00986,-0.11939,-1.7871
24.959,-0.00986,-0.11939,-1.789
24.975,-0.00986,-0.11955,-1.7909
24.991,0.02958,-0.11939,-1.7928
25.008,0.00986,-0.11905,-1.7949
25.026,-0.02958,-0.11923,-1.797
25.044,0,-0.1195,-1.7992
25.059,0.01972,-0.11935,-1.8009
25.075,0.01972,-0.11903,-1.8029
25.092,0.01972,-0.1187,-1.8049
25.11,0.00986,-0.11843,-1.807
25.126,0.01972,-0.1182,-1.8089
25.141,-0,-0.11805,-1.8107
25.174,0.00986,-0.11789,-1.8146
25.192,-0.03944,-0.11815,-1.8167
25.211,0.00986,-0.11843,-1.8189
25.227,0,-0.11835,-1.8208
25.243,-0.03944,-0.11867,-1.8227
25.26,-0.01972,-0.11917,-1.8247
25.276,0.00986,-0.11925,-1.8267
25.292,-0.02958,-0.11941,-1.8286
25.308,0,-0.11965,-1.8305
25.324,-0.00986,-0.11973,-1.8324
25.34,-0.05916,-0.12028,-1.8343
25.356,0.01972,-0.12059,-1.8362
25.374,0.01972,-0.12024,-1.8384
25.391,0.00986,-0.11999,-1.8404
25.409,-0.00986,-0.11999,-1.8426
25.426,-0.03944,-0.12041,-1.8447
25.442,-0.01972,-0.12088,-1.8466
25.474,0.01972,-0.12088,-1.8504
25.492,0.03944,-0.12035,-1.8526
25.509,0.03944,-0.11968,-1.8547
25.527,0.01972,-0.11914,-1.8568
25.543,-0.02958,-0.11922,-1.8587
25.558,-0.0493,-0.11981,-1.8605
25.575,0.02958,-0.11998,-1.8625
25.59,0.00986,-0.11969,-1.8643
25.608,0.02958,-0.11933,-1.8665
25.626,-0,-0.11906,-1.8686
25.661,0.02958,-0.11855,-1.8728
25.676,0.00986,-0.11825,-1.8746
25.692,0.00986,-0.11809,-1.8765
25.709,0.02958,-0.11776,-1.8785
25.724,-0.02958,-0.11776,-1.8802
25.742,-0.03944,-0.11838,-1.8824
25.76,-0.03944,-0.11909,-1.8845
25.778,0.05916,-0.11891,-1.8866
25.796,0.07888,-0.11767,-1.8888
25.814,0.02958,-0.11669,-1.8909
25.832,-0.02958,-0.11669,-1.893
25.849,-0.07888,-0.11762,-1.895
25.867,-0.0986,-0.11921,-1.8971
25.885,-0.00986,-0.12019,-1.8993
25.902,0.0493,-0.11985,-1.9013
25.904,-0,-0.1198,-1.9015
25.921,-0.02958,-0.12006,-1.9036
25.956,-0.05916,-0.12161,-1.9078
25.974,-0.02958,-0.12241,-1.91
25.991,0.02958,-0.12241,-1.9121
26.009,0.06902,-0.12152,-1.9143
26.026,0.06902,-0.12035,-1.9163
26.044,-0.03944,-0.12008,-1.9185
26.06,-0.07888,-0.12103,-1.9204
26.075,-0.0986,-0.12236,-1.9223
26.092,-0.00986,-0.12328,-1.9243
26.107,0.00986,-0.12328,-1.9262
26.125,0.02958,-0.12292,-1.9284
26.143,-0.01972,-0.12284,-1.9306
26.178,-0.00986,-0.12335,-1.9349
26.193,-0.01972,-0.12358,-1.9368
26.209,-0.06902,-0.12429,-1.9388
26.227,-0.01972,-0.12508,-1.941
26.244,0.01972,-0.12508,-1.9431
26.26,0.0493,-0.12453,-1.9451
26.275,0.0493,-0.12379,-1.947
26.292,0.02958,-0.12312,-1.9491
26.308,-0.0493,-0.12328,-1.9511
26.325,-0.05916,-0.1242,-1.9532
26.341,-0.03944,-0.12499,-1.9552
26.358,0.01972,-0.12516,-1.9573
26.376,0.0493,-0.12454,-1.9595
26.392,-0.01972,-0.1243,-1.9615
26.407,-0.08874,-0.12511,-1.9634
26.423,-0.0986,-0.12661,-1.9654
26.44,0.00986,-0.12737,-1.9676
26.458,0.07888,-0.12657,-1.9699
26.476,0.0493,-0.12541,-1.9721
26.493,0.05916,-0.12449,-1.9742
26.526,-0.01972,-0.12384,-1.9783
26.542,-0.02958,-0.12424,-1.9803
26.559,-0.03944,-0.12482,-1.9824
26.574,-0.01972,-0.12527,-1.9843
26.623,-0.01972,-0.12623,-1.9905
26.654,-0,-0.12654,-1.9944
26.672,-0.02958,-0.1268,-1.9967
26.689,0.00986,-0.12697,-1.9988
26.707,0.00986,-0.12679,-2.0011
26.725,0.05916,-0.12617,-2.0034
26.742,0.00986,-0.12559,-2.0055
26.76,-0.00986,-0.12559,-2.0078
26.777,0,-0.12567,-2.0099
26.795,0.03944,-0.12532,-2.0122
26.813,0.00986,-0.12487,-2.0144
26.815,-0.0493,-0.12491,-2.0147
26.831,-0.06902,-0.12586,-2.0167
26.849,-0.0493,-0.12692,-2.019
26.864,0.00986,-0.12722,-2.0209
26.882,0.02958,-0.12686,-2.0232
26.9,0.02958,-0.12633,-2.0254
26.917,0.00986,-0.126,-2.0276
26.935,-0.01972,-0.12608,-2.0299
26.952,-0.06902,-0.12684,-2.032
26.97,0.0493,-0.12702,-2.0343
26.988,0.02958,-0.12631,-2.0366
27.003,-0.00986,-0.12616,-2.0385
27.019,-0.06902,-0.12679,-2.0405
27.035,-0.05916,-0.12782,-2.0425
27.051,-0.0493,-0.12868,-2.0446
27.069,0.03944,-0.12877,-2.0469
27.086,0.05916,-0.12793,-2.0491
27.102,-0.01972,-0.12762,-2.0511
27.118,-0.07888,-0.12841,-2.0532
27.134,-0.00986,-0.12912,-2.0552
27.152,-0,-0.12921,-2.0576
27.169,0.05916,-0.1287,-2.0597
27.187,-0.01972,-0.12835,-2.0621
27.204,-0.02958,-0.12877,-2.0642
27.22,-0,-0.129,-2.0663
27.236,-0.00986,-0.12908,-2.0684
27.252,-0,-0.12916,-2.0704
27.268,0.00986,-0.12908,-2.0725
27.285,-0.00986,-0.12908,-2.0747
27.303,-0,-0.12917,-2.077
27.321,-0.01972,-0.12935,-2.0794
27.336,-0.01972,-0.12964,-2.0813
27.352,-0,-0.1298,-2.0834
27.368,0,-0.1298,-2.0854
27.401,0,-0.1298,-2.0897
27.416,0.00986,-0.12973,-2.0917
27.434,-0.01972,-0.12982,-2.094
